{
    "GPT-4o": 70.95090000000005,
    "GPT-4-Turbo": 0.32068,
    "GPT-4o-mini": 0.39098264999999993
}